Workbook

Sheet Raw_Inventory_Data
A1: SKU | B1: Category | C1: Supplier | D1: Warehouse | E1: Unit_Cost | F1: Current_Stock | G1: Weekly_Demand | H1: Lead_Time_Days | I1: Service_Factor | J1: Order_Batch_Qty | K1: On_Order_Qty | L1: Last_Receipt_Date
A2: LAP-BIR-100 | B2: Laptops | C2: TechSupply Co | D2: Birmingham DC | E2: 387.23 | F2: 62 | G2: 19.4 | H2: 18 | I2: 1.28 | J2: 60 | K2: 0 | L2: 45874
A3: LAP-BIR-101 | B3: Laptops | C3: TechSupply Co | D3: Birmingham DC | E3: 396.31 | F3: 95 | G3: 23.6 | H3: 28 | I3: 1.15 | J3: 25 | K3: 40 | L3: 46011
A4: LAP-BIR-102 | B4: Laptops | C4: TechSupply Co | D4: Birmingham DC | E4: 414.12 | F4: 164 | G4: 25.3 | H4: 7 | I4: 1.15 | J4: 20 | K4: 20 | L4: 45935
A5: LAP-BIR-103 | B5: Laptops | C5: TechSupply Co | D5: Birmingham DC | E5: 400.24 | F5: 133 | G5: 21.3 | H5: 21 | I5: 1.28 | J5: 25 | K5: 20 | L5: 45778
A6: LAP-MAN-104 | B6: Laptops | C6: TechSupply Co | D6: Manchester Hub | E6: 442.76 | F6: 66 | G6: 21 | H6: 10 | I6: 1.28 | J6: 40 | K6: 40 | L6: 45996
A7: LAP-MAN-105 | B7: Laptops | C7: TechSupply Co | D7: Manchester Hub | E7: 400.36 | F7: 127 | G7: 21.6 | H7: 14 | I7: 1.28 | J7: 30 | K7: 0 | L7: 45992
A8: LAP-MAN-106 | B8: Laptops | C8: TechSupply Co | D8: Manchester Hub | E8: 404.1 | F8: 122 | G8: 20.6 | H8: 21 | I8: 1.55 | J8: 40 | K8: 10 | L8: 45870
A9: LAP-MAN-107 | B9: Laptops | C9: TechSupply Co | D9: Manchester Hub | E9: 439.48 | F9: 78 | G9: 20.7 | H9: 10 | I9: 1.4 | J9: 20 | K9: 0 | L9: 45931
A10: LAP-LON-108 | B10: Laptops | C10: TechSupply Co | D10: London Central | E10: 431.4 | F10: 104 | G10: 20.6 | H10: 14 | I10: 1.28 | J10: 20 | K10: 10 | L10: 46006
A11: LAP-LON-109 | B11: Laptops | C11: TechSupply Co | D11: London Central | E11: 439.42 | F11: 155 | G11: 22.4 | H11: 7 | I11: 1.4 | J11: 20 | K11: 40 | L11: 45813
A12: LAP-LON-110 | B12: Laptops | C12: TechSupply Co | D12: London Central | E12: 399.91 | F12: 104 | G12: 19.8 | H12: 10 | I12: 1.55 | J12: 20 | K12: 30 | L12: 45910
A13: LAP-LON-111 | B13: Laptops | C13: TechSupply Co | D13: London Central | E13: 452.35 | F13: 114 | G13: 21.9 | H13: 21 | I13: 1.15 | J13: 20 | K13: 40 | L13: 45992
... A73: PRI-LON-171 | B73: Printers | C73: PrintLogix | D73: London Central | E73: 235.67 | F73: 43 | G73: 13.1 | H73: 10 | I73: 1.55 | J73: 60 | K73: 40 | L73: 45797

Sheet Stock_Movements
A1: Month | B1: SKU | C1: Warehouse | D1: Receipts_Units | E1: Issues_Units | F1: Net_Movement
A2: 45658 | B2: LAP-BIR-100 | C2: Birmingham DC | D2: 65 | E2: 76 | F2: -11
A3: 45658 | B3: LAP-BIR-101 | C3: Birmingham DC | D3: 112 | E3: 91 | F3: 21
A4: 45658 | B4: LAP-BIR-102 | C4: Birmingham DC | D4: 123 | E4: 95 | F4: 28
A5: 45658 | B5: LAP-BIR-103 | C5: Birmingham DC | D5: 116 | E5: 85 | F5: 31
A6: 45658 | B6: LAP-MAN-104 | C6: Manchester Hub | D6: 90 | E6: 90 | F6: 0
A7: 45658 | B7: LAP-MAN-105 | C7: Manchester Hub | D7: 109 | E7: 90 | F7: 19
A8: 45658 | B8: LAP-MAN-106 | C8: Manchester Hub | D8: 63 | E8: 83 | F8: -20
A9: 45658 | B9: LAP-MAN-107 | C9: Manchester Hub | D9: 87 | E9: 72 | F9: 15
A10: 45658 | B10: LAP-LON-108 | C10: London Central | D10: 104 | E10: 79 | F10: 25
A11: 45658 | B11: LAP-LON-109 | C11: London Central | D11: 120 | E11: 88 | F11: 32
A12: 45658 | B12: LAP-LON-110 | C12: London Central | D12: 108 | E12: 87 | F12: 21
A13: 45658 | B13: LAP-LON-111 | C13: London Central | D13: 80 | E13: 96 | F13: -16
... A577: 45870 | B577: PRI-LON-171 | C577: London Central | D577: 71 | E577: 58 | F577: 13

Sheet Reorder_Model
A1: SKU | B1: Category | C1: Supplier | D1: Warehouse | E1: Unit_Cost | F1: Current_Stock | G1: Weekly_Demand | H1: Lead_Time_Days | I1: Service_Factor | J1: Order_Batch_Qty | K1: On_Order_Qty | L1: Inventory_Value | M1: Weeks_Cover | N1: Safety_Stock | O1: Reorder_Point | P1: Projected_Stock_After_LT | Q1: Reorder_Flag | R1: Excess_Stock_Flag
A2: =Raw_Inventory_Data!A2 -> LAP-BIR-100 | B2: =Raw_Inventory_Data!B2 -> Laptops | C2: =Raw_Inventory_Data!C2 -> TechSupply Co | D2: =Raw_Inventory_Data!D2 -> Birmingham DC | E2: =Raw_Inventory_Data!E2 -> 387.23 | F2: =Raw_Inventory_Data!F2 -> 62 | G2: =Raw_Inventory_Data!G2 -> 19.4 | H2: =Raw_Inventory_Data!H2 -> 18 | ... K2: =Raw_Inventory_Data!K2 -> 0 | L2: =E2*F2 -> 24008.26 | M2: =IFERROR((F2+K2)/G2,0) -> 3.1958763 | N2: =G2*SQRT(H2/7)*I2 -> 39.819787 | O2: =(G2*(H2/7))+N2 -> 89.705501 | P2: =(F2+K2)-(G2*(H2/7)) -> 12.114286 | Q2: =IF((F2+K2)<=O2,"Reorder","Monitor") -> Reorder | R2: =IF(M2>10,"Excess","OK") -> OK
A3: =Raw_Inventory_Data!A3 -> LAP-BIR-101 | B3: =Raw_Inventory_Data!B3 -> Laptops | C3: =Raw_Inventory_Data!C3 -> TechSupply Co | D3: =Raw_Inventory_Data!D3 -> Birmingham DC | E3: =Raw_Inventory_Data!E3 -> 396.31 | F3: =Raw_Inventory_Data!F3 -> 95 | G3: =Raw_Inventory_Data!G3 -> 23.6 | H3: =Raw_Inventory_Data!H3 -> 28 | ... K3: =Raw_Inventory_Data!K3 -> 40 | L3: =E3*F3 -> 37649.45 | M3: =IFERROR((F3+K3)/G3,0) -> 5.720339 | N3: =G3*SQRT(H3/7)*I3 -> 54.28 | O3: =(G3*(H3/7))+N3 -> 148.68 | P3: =(F3+K3)-(G3*(H3/7)) -> 40.6 | Q3: =IF((F3+K3)<=O3,"Reorder","Monitor") -> Reorder | R3: =IF(M3>10,"Excess","OK") -> OK
A4: =Raw_Inventory_Data!A4 -> LAP-BIR-102 | B4: =Raw_Inventory_Data!B4 -> Laptops | C4: =Raw_Inventory_Data!C4 -> TechSupply Co | D4: =Raw_Inventory_Data!D4 -> Birmingham DC | E4: =Raw_Inventory_Data!E4 -> 414.12 | F4: =Raw_Inventory_Data!F4 -> 164 | G4: =Raw_Inventory_Data!G4 -> 25.3 | H4: =Raw_Inventory_Data!H4 -> 7 | ... K4: =Raw_Inventory_Data!K4 -> 20 | L4: =E4*F4 -> 67915.68 | M4: =IFERROR((F4+K4)/G4,0) -> 7.2727273 | N4: =G4*SQRT(H4/7)*I4 -> 29.095 | O4: =(G4*(H4/7))+N4 -> 54.395 | P4: =(F4+K4)-(G4*(H4/7)) -> 158.7 | Q4: =IF((F4+K4)<=O4,"Reorder","Monitor") -> Monitor | R4: =IF(M4>10,"Excess","OK") -> OK
A5: =Raw_Inventory_Data!A5 -> LAP-BIR-103 | B5: =Raw_Inventory_Data!B5 -> Laptops | C5: =Raw_Inventory_Data!C5 -> TechSupply Co | D5: =Raw_Inventory_Data!D5 -> Birmingham DC | E5: =Raw_Inventory_Data!E5 -> 400.24 | F5: =Raw_Inventory_Data!F5 -> 133 | G5: =Raw_Inventory_Data!G5 -> 21.3 | H5: =Raw_Inventory_Data!H5 -> 21 | ... K5: =Raw_Inventory_Data!K5 -> 20 | L5: =E5*F5 -> 53231.92 | M5: =IFERROR((F5+K5)/G5,0) -> 7.1830986 | N5: =G5*SQRT(H5/7)*I5 -> 47.222633 | O5: =(G5*(H5/7))+N5 -> 111.12263 | P5: =(F5+K5)-(G5*(H5/7)) -> 89.1 | Q5: =IF((F5+K5)<=O5,"Reorder","Monitor") -> Monitor | R5: =IF(M5>10,"Excess","OK") -> OK
A6: =Raw_Inventory_Data!A6 -> LAP-MAN-104 | B6: =Raw_Inventory_Data!B6 -> Laptops | C6: =Raw_Inventory_Data!C6 -> TechSupply Co | D6: =Raw_Inventory_Data!D6 -> Manchester Hub | E6: =Raw_Inventory_Data!E6 -> 442.76 | F6: =Raw_Inventory_Data!F6 -> 66 | G6: =Raw_Inventory_Data!G6 -> 21 | H6: =Raw_Inventory_Data!H6 -> 10 | ... K6: =Raw_Inventory_Data!K6 -> 40 | L6: =E6*F6 -> 29222.16 | M6: =IFERROR((F6+K6)/G6,0) -> 5.047619 | N6: =G6*SQRT(H6/7)*I6 -> 32.127745 | O6: =(G6*(H6/7))+N6 -> 62.127745 | P6: =(F6+K6)-(G6*(H6/7)) -> 76 | Q6: =IF((F6+K6)<=O6,"Reorder","Monitor") -> Monitor | R6: =IF(M6>10,"Excess","OK") -> OK
A7: =Raw_Inventory_Data!A7 -> LAP-MAN-105 | B7: =Raw_Inventory_Data!B7 -> Laptops | C7: =Raw_Inventory_Data!C7 -> TechSupply Co | D7: =Raw_Inventory_Data!D7 -> Manchester Hub | E7: =Raw_Inventory_Data!E7 -> 400.36 | F7: =Raw_Inventory_Data!F7 -> 127 | G7: =Raw_Inventory_Data!G7 -> 21.6 | H7: =Raw_Inventory_Data!H7 -> 14 | ... K7: =Raw_Inventory_Data!K7 -> 0 | L7: =E7*F7 -> 50845.72 | M7: =IFERROR((F7+K7)/G7,0) -> 5.8796296 | N7: =G7*SQRT(H7/7)*I7 -> 39.100177 | O7: =(G7*(H7/7))+N7 -> 82.300177 | P7: =(F7+K7)-(G7*(H7/7)) -> 83.8 | Q7: =IF((F7+K7)<=O7,"Reorder","Monitor") -> Monitor | R7: =IF(M7>10,"Excess","OK") -> OK
A8: =Raw_Inventory_Data!A8 -> LAP-MAN-106 | B8: =Raw_Inventory_Data!B8 -> Laptops | C8: =Raw_Inventory_Data!C8 -> TechSupply Co | D8: =Raw_Inventory_Data!D8 -> Manchester Hub | E8: =Raw_Inventory_Data!E8 -> 404.1 | F8: =Raw_Inventory_Data!F8 -> 122 | G8: =Raw_Inventory_Data!G8 -> 20.6 | H8: =Raw_Inventory_Data!H8 -> 21 | ... K8: =Raw_Inventory_Data!K8 -> 10 | L8: =E8*F8 -> 49300.2 | M8: =IFERROR((F8+K8)/G8,0) -> 6.407767 | N8: =G8*SQRT(H8/7)*I8 -> 55.304382 | O8: =(G8*(H8/7))+N8 -> 117.10438 | P8: =(F8+K8)-(G8*(H8/7)) -> 70.2 | Q8: =IF((F8+K8)<=O8,"Reorder","Monitor") -> Monitor | R8: =IF(M8>10,"Excess","OK") -> OK
A9: =Raw_Inventory_Data!A9 -> LAP-MAN-107 | B9: =Raw_Inventory_Data!B9 -> Laptops | C9: =Raw_Inventory_Data!C9 -> TechSupply Co | D9: =Raw_Inventory_Data!D9 -> Manchester Hub | E9: =Raw_Inventory_Data!E9 -> 439.48 | F9: =Raw_Inventory_Data!F9 -> 78 | G9: =Raw_Inventory_Data!G9 -> 20.7 | H9: =Raw_Inventory_Data!H9 -> 10 | ... K9: =Raw_Inventory_Data!K9 -> 0 | L9: =E9*F9 -> 34279.44 | M9: =IFERROR((F9+K9)/G9,0) -> 3.7681159 | N9: =G9*SQRT(H9/7)*I9 -> 34.637725 | O9: =(G9*(H9/7))+N9 -> 64.209154 | P9: =(F9+K9)-(G9*(H9/7)) -> 48.428571 | Q9: =IF((F9+K9)<=O9,"Reorder","Monitor") -> Monitor | R9: =IF(M9>10,"Excess","OK") -> OK
A10: =Raw_Inventory_Data!A10 -> LAP-LON-108 | B10: =Raw_Inventory_Data!B10 -> Laptops | C10: =Raw_Inventory_Data!C10 -> TechSupply Co | D10: =Raw_Inventory_Data!D10 -> London Central | E10: =Raw_Inventory_Data!E10 -> 431.4 | F10: =Raw_Inventory_Data!F10 -> 104 | G10: =Raw_Inventory_Data!G10 -> 20.6 | H10: =Raw_Inventory_Data!H10 -> 14 | ... K10: =Raw_Inventory_Data!K10 -> 10 | L10: =E10*F10 -> 44865.6 | M10: =IFERROR((F10+K10)/G10,0) -> 5.5339806 | N10: =G10*SQRT(H10/7)*I10 -> 37.289983 | O10: =(G10*(H10/7))+N10 -> 78.489983 | P10: =(F10+K10)-(G10*(H10/7)) -> 72.8 | Q10: =IF((F10+K10)<=O10,"Reorder","Monitor") -> Monitor | R10: =IF(M10>10,"Excess","OK") -> OK
A11: =Raw_Inventory_Data!A11 -> LAP-LON-109 | B11: =Raw_Inventory_Data!B11 -> Laptops | C11: =Raw_Inventory_Data!C11 -> TechSupply Co | D11: =Raw_Inventory_Data!D11 -> London Central | E11: =Raw_Inventory_Data!E11 -> 439.42 | F11: =Raw_Inventory_Data!F11 -> 155 | G11: =Raw_Inventory_Data!G11 -> 22.4 | H11: =Raw_Inventory_Data!H11 -> 7 | ... K11: =Raw_Inventory_Data!K11 -> 40 | L11: =E11*F11 -> 68110.1 | M11: =IFERROR((F11+K11)/G11,0) -> 8.7053571 | N11: =G11*SQRT(H11/7)*I11 -> 31.36 | O11: =(G11*(H11/7))+N11 -> 53.76 | P11: =(F11+K11)-(G11*(H11/7)) -> 172.6 | Q11: =IF((F11+K11)<=O11,"Reorder","Monitor") -> Monitor | R11: =IF(M11>10,"Excess","OK") -> OK
A12: =Raw_Inventory_Data!A12 -> LAP-LON-110 | B12: =Raw_Inventory_Data!B12 -> Laptops | C12: =Raw_Inventory_Data!C12 -> TechSupply Co | D12: =Raw_Inventory_Data!D12 -> London Central | E12: =Raw_Inventory_Data!E12 -> 399.91 | F12: =Raw_Inventory_Data!F12 -> 104 | G12: =Raw_Inventory_Data!G12 -> 19.8 | H12: =Raw_Inventory_Data!H12 -> 10 | ... K12: =Raw_Inventory_Data!K12 -> 30 | L12: =E12*F12 -> 41590.64 | M12: =IFERROR((F12+K12)/G12,0) -> 6.7676768 | N12: =G12*SQRT(H12/7)*I12 -> 36.681566 | O12: =(G12*(H12/7))+N12 -> 64.96728 | P12: =(F12+K12)-(G12*(H12/7)) -> 105.71429 | Q12: =IF((F12+K12)<=O12,"Reorder","Monitor") -> Monitor | R12: =IF(M12>10,"Excess","OK") -> OK
A13: =Raw_Inventory_Data!A13 -> LAP-LON-111 | B13: =Raw_Inventory_Data!B13 -> Laptops | C13: =Raw_Inventory_Data!C13 -> TechSupply Co | D13: =Raw_Inventory_Data!D13 -> London Central | E13: =Raw_Inventory_Data!E13 -> 452.35 | F13: =Raw_Inventory_Data!F13 -> 114 | G13: =Raw_Inventory_Data!G13 -> 21.9 | H13: =Raw_Inventory_Data!H13 -> 21 | ... K13: =Raw_Inventory_Data!K13 -> 40 | L13: =E13*F13 -> 51567.9 | M13: =IFERROR((F13+K13)/G13,0) -> 7.0319635 | N13: =G13*SQRT(H13/7)*I13 -> 43.6217 | O13: =(G13*(H13/7))+N13 -> 109.3217 | P13: =(F13+K13)-(G13*(H13/7)) -> 88.3 | Q13: =IF((F13+K13)<=O13,"Reorder","Monitor") -> Monitor | R13: =IF(M13>10,"Excess","OK") -> OK
... A73: =Raw_Inventory_Data!A73 -> PRI-LON-171 | B73: =Raw_Inventory_Data!B73 -> Printers | C73: =Raw_Inventory_Data!C73 -> PrintLogix | D73: =Raw_Inventory_Data!D73 -> London Central | E73: =Raw_Inventory_Data!E73 -> 235.67 | F73: =Raw_Inventory_Data!F73 -> 43 | G73: =Raw_Inventory_Data!G73 -> 13.1 | H73: =Raw_Inventory_Data!H73 -> 10 | ... K73: =Raw_Inventory_Data!K73 -> 40 | L73: =E73*F73 -> 10133.81 | M73: =IFERROR((F73+K73)/G73,0) -> 6.3358779 | N73: =G73*SQRT(H73/7)*I73 -> 24.269117 | O73: =(G73*(H73/7))+N73 -> 42.983403 | P73: =(F73+K73)-(G73*(H73/7)) -> 64.285714 | Q73: =IF((F73+K73)<=O73,"Reorder","Monitor") -> Monitor | R73: =IF(M73>10,"Excess","OK") -> OK

Sheet KPIs
A1: Metric | B1: Value
A2: Total Inventory Value | B2: =SUM(Reorder_Model!L:L) -> 1839629.6
A3: Total SKUs | B3: =COUNTA(Reorder_Model!A:A)-1 -> 72
A4: Average Weeks Cover | B4: =AVERAGE(Reorder_Model!M:M) -> 6.2650021
A5: SKUs to Reorder | B5: =COUNTIF(Reorder_Model!Q:Q,"Reorder") -> 14
A6: SKUs with Excess Stock | B6: =COUNTIF(Reorder_Model!R:R,"Excess") -> 0
A7: Highest Category Value | B7: =MAX(Analysis!B2:B7) -> 552587.07
A8: Highest Warehouse Value | B8: =MAX(Analysis!G2:G4) -> 622753.39

Sheet Analysis
A1: Category | B1: Inventory Value | C1: Average Weeks Cover | D1: Reorder SKUs | F1: Warehouse | G1: Inventory Value | H1: Reorder SKUs
A2: Laptops | B2: =SUMIFS(Reorder_Model!L:L,Reorder_Model!B:B,A2) -> 552587.07 | C2: =IFERROR(SUMIFS(Reorder_Model!M:M,Reorder_Model!B:B,A2)/COUNTIF(Reorder_Model!B:B,A2),0) -> 6.0428459 | D2: =COUNTIFS(Reorder_Model!B:B,A2,Reorder_Model!Q:Q,"Reorder") -> 2 | F2: Birmingham DC | G2: =SUMIFS(Reorder_Model!L:L,Reorder_Model!D:D,F2) -> 613435.56 | H2: =COUNTIFS(Reorder_Model!D:D,F2,Reorder_Model!Q:Q,"Reorder") -> 7
A3: Tablets | B3: =SUMIFS(Reorder_Model!L:L,Reorder_Model!B:B,A3) -> 302225.87 | C3: =IFERROR(SUMIFS(Reorder_Model!M:M,Reorder_Model!B:B,A3)/COUNTIF(Reorder_Model!B:B,A3),0) -> 5.6522796 | D3: =COUNTIFS(Reorder_Model!B:B,A3,Reorder_Model!Q:Q,"Reorder") -> 2 | F3: Manchester Hub | G3: =SUMIFS(Reorder_Model!L:L,Reorder_Model!D:D,F3) -> 622753.39 | H3: =COUNTIFS(Reorder_Model!D:D,F3,Reorder_Model!Q:Q,"Reorder") -> 2
A4: Phones | B4: =SUMIFS(Reorder_Model!L:L,Reorder_Model!B:B,A4) -> 540486.81 | C4: =IFERROR(SUMIFS(Reorder_Model!M:M,Reorder_Model!B:B,A4)/COUNTIF(Reorder_Model!B:B,A4),0) -> 6.8806213 | D4: =COUNTIFS(Reorder_Model!B:B,A4,Reorder_Model!Q:Q,"Reorder") -> 2 | F4: London Central | G4: =SUMIFS(Reorder_Model!L:L,Reorder_Model!D:D,F4) -> 603440.62 | H4: =COUNTIFS(Reorder_Model!D:D,F4,Reorder_Model!Q:Q,"Reorder") -> 5
A5: Accessories | B5: =SUMIFS(Reorder_Model!L:L,Reorder_Model!B:B,A5) -> 81020.52 | C5: =IFERROR(SUMIFS(Reorder_Model!M:M,Reorder_Model!B:B,A5)/COUNTIF(Reorder_Model!B:B,A5),0) -> 5.393638 | D5: =COUNTIFS(Reorder_Model!B:B,A5,Reorder_Model!Q:Q,"Reorder") -> 3 | F5: N/A | G5: N/A | H5: N/A
A6: Monitors | B6: =SUMIFS(Reorder_Model!L:L,Reorder_Model!B:B,A6) -> 167045.87 | C6: =IFERROR(SUMIFS(Reorder_Model!M:M,Reorder_Model!B:B,A6)/COUNTIF(Reorder_Model!B:B,A6),0) -> 6.4654997 | D6: =COUNTIFS(Reorder_Model!B:B,A6,Reorder_Model!Q:Q,"Reorder") -> 4 | F6: N/A | G6: N/A | H6: N/A
A7: Printers | B7: =SUMIFS(Reorder_Model!L:L,Reorder_Model!B:B,A7) -> 196263.43 | C7: =IFERROR(SUMIFS(Reorder_Model!M:M,Reorder_Model!B:B,A7)/COUNTIF(Reorder_Model!B:B,A7),0) -> 7.155128 | D7: =COUNTIFS(Reorder_Model!B:B,A7,Reorder_Model!Q:Q,"Reorder") -> 1 | F7: N/A | G7: N/A | H7: N/A

Sheet Scenario_Model
A1: Variable | B1: Value | D1: Category | E1: Baseline Reorder SKUs | F1: Scenario Reorder SKUs | G1: Baseline Avg ROP | H1: Scenario Avg ROP | I1: Impact
A2: Demand Increase % | B2: 0.1 | D2: Laptops | E2: =COUNTIFS(Reorder_Model!B:B,D2,Reorder_Model!Q:Q,"Reorder") -> 2 | F2: =ROUND(E2*(1+$B$2)+($B$3/3),0) -> 3 | G2: =IFERROR(SUMIFS(Reorder_Model!O:O,Reorder_Model!B:B,D2)/COUNTIF(Reorder_Model!B:B,D2),0) -> 86.34863 | H2: =G2*(1+$B$2)+(($B$3/7)*(SUMIFS(Reorder_Model!G:G,Reorder_Model!B:B,D2)/COUNTIF(Reorder_Model!B:B,D2))) -> 104.20492 | I2: =F2-E2 -> 1
A3: Lead Time Increase (days) | B3: 3 | D3: Tablets | E3: =COUNTIFS(Reorder_Model!B:B,D3,Reorder_Model!Q:Q,"Reorder") -> 2 | F3: =ROUND(E3*(1+$B$2)+($B$3/3),0) -> 3 | G3: =IFERROR(SUMIFS(Reorder_Model!O:O,Reorder_Model!B:B,D3)/COUNTIF(Reorder_Model!B:B,D3),0) -> 65.640216 | H3: =G3*(1+$B$2)+(($B$3/7)*(SUMIFS(Reorder_Model!G:G,Reorder_Model!B:B,D3)/COUNTIF(Reorder_Model!B:B,D3))) -> 80.179238 | I3: =F3-E3 -> 1
D4: Phones | E4: =COUNTIFS(Reorder_Model!B:B,D4,Reorder_Model!Q:Q,"Reorder") -> 2 | F4: =ROUND(E4*(1+$B$2)+($B$3/3),0) -> 3 | G4: =IFERROR(SUMIFS(Reorder_Model!O:O,Reorder_Model!B:B,D4)/COUNTIF(Reorder_Model!B:B,D4),0) -> 92.833087 | H4: =G4*(1+$B$2)+(($B$3/7)*(SUMIFS(Reorder_Model!G:G,Reorder_Model!B:B,D4)/COUNTIF(Reorder_Model!B:B,D4))) -> 111.21997 | I4: =F4-E4 -> 1
D5: Accessories | E5: =COUNTIFS(Reorder_Model!B:B,D5,Reorder_Model!Q:Q,"Reorder") -> 3 | F5: =ROUND(E5*(1+$B$2)+($B$3/3),0) -> 4 | G5: =IFERROR(SUMIFS(Reorder_Model!O:O,Reorder_Model!B:B,D5)/COUNTIF(Reorder_Model!B:B,D5),0) -> 150.62479 | H5: =G5*(1+$B$2)+(($B$3/7)*(SUMIFS(Reorder_Model!G:G,Reorder_Model!B:B,D5)/COUNTIF(Reorder_Model!B:B,D5))) -> 179.96227 | I5: =F5-E5 -> 1
D6: Monitors | E6: =COUNTIFS(Reorder_Model!B:B,D6,Reorder_Model!Q:Q,"Reorder") -> 4 | F6: =ROUND(E6*(1+$B$2)+($B$3/3),0) -> 5 | G6: =IFERROR(SUMIFS(Reorder_Model!O:O,Reorder_Model!B:B,D6)/COUNTIF(Reorder_Model!B:B,D6),0) -> 75.020153 | H6: =G6*(1+$B$2)+(($B$3/7)*(SUMIFS(Reorder_Model!G:G,Reorder_Model!B:B,D6)/COUNTIF(Reorder_Model!B:B,D6))) -> 89.307882 | I6: =F6-E6 -> 1
D7: Printers | E7: =COUNTIFS(Reorder_Model!B:B,D7,Reorder_Model!Q:Q,"Reorder") -> 1 | F7: =ROUND(E7*(1+$B$2)+($B$3/3),0) -> 2 | G7: =IFERROR(SUMIFS(Reorder_Model!O:O,Reorder_Model!B:B,D7)/COUNTIF(Reorder_Model!B:B,D7),0) -> 57.535532 | H7: =G7*(1+$B$2)+(($B$3/7)*(SUMIFS(Reorder_Model!G:G,Reorder_Model!B:B,D7)/COUNTIF(Reorder_Model!B:B,D7))) -> 68.581942 | I7: =F7-E7 -> 1

Sheet Dashboard
A1: Inventory Command Centre
A2: Operational dashboard focused on stock risk, coverage, and restocking pressure
A4: Inventory Value | D4: SKUs Requiring Action | G4: Average Weeks Cover
A6: =KPIs!B2 -> 1839629.6 | D6: =KPIs!B5 -> 14 | G6: =KPIs!B4 -> 6.2650021
A9: Category Pressure Map | G9: Warehouse Pulse
A10: Category | B10: Inventory Value | C10: Weeks Cover | D10: Reorder SKUs | E10: Comment | G10: Warehouse | H10: Inventory Value | I10: Reorder SKUs | J10: Priority
A11: =Analysis!A2 -> Laptops | B11: =Analysis!B2 -> 552587.07 | C11: =Analysis!C2 -> 6.0428459 | D11: =Analysis!D2 -> 2 | E11: Core compute category | G11: =Analysis!F2 -> Birmingham DC | H11: =Analysis!G2 -> 613435.56 | I11: =Analysis!H2 -> 7 | J11: Review first
A12: =Analysis!A3 -> Tablets | B12: =Analysis!B3 -> 302225.87 | C12: =Analysis!C3 -> 5.6522796 | D12: =Analysis!D3 -> 2 | E12: Watch demand + lead time | G12: =Analysis!F3 -> Manchester Hub | H12: =Analysis!G3 -> 622753.39 | I12: =Analysis!H3 -> 2 | J12: Stable
A13: =Analysis!A4 -> Phones | B13: =Analysis!B4 -> 540486.81 | C13: =Analysis!C4 -> 6.8806213 | D13: =Analysis!D4 -> 2 | E13: High value exposure | G13: =Analysis!F4 -> London Central | H13: =Analysis!G4 -> 603440.62 | I13: =Analysis!H4 -> 5 | J13: Monitor
A14: =Analysis!A5 -> Accessories | B14: =Analysis!B5 -> 81020.52 | C14: =Analysis!C5 -> 5.393638 | D14: =Analysis!D5 -> 3 | E14: Accessory restock risk
A15: =Analysis!A6 -> Monitors | B15: =Analysis!B6 -> 167045.87 | C15: =Analysis!C6 -> 6.4654997 | D15: =Analysis!D6 -> 4 | E15: Coverage stable
A16: =Analysis!A7 -> Printers | B16: =Analysis!B7 -> 196263.43 | C16: =Analysis!C7 -> 7.155128 | D16: =Analysis!D7 -> 1 | E16: Lowest urgency
A18: Scenario Watch
A19: Category | B19: Baseline Reorder | C19: Scenario Reorder | D19: Baseline Avg ROP | E19: Scenario Avg ROP | F19: Impact | G19: Interpretation | H19: Action | I19: Status | J19: Source
A20: =Scenario_Model!D2 -> Laptops | B20: =Scenario_Model!E2 -> 2 | C20: =Scenario_Model!F2 -> 3 | D20: =Scenario_Model!G2 -> 86.34863 | E20: =Scenario_Model!H2 -> 104.20492 | F20: =Scenario_Model!I2 -> 1 | G20: Demand stress lifts reorder pressure | H20: Increase coverage buffer | I20: Open | J20: Scenario 1
A21: =Scenario_Model!D3 -> Tablets | B21: =Scenario_Model!E3 -> 2 | C21: =Scenario_Model!F3 -> 3 | D21: =Scenario_Model!G3 -> 65.640216 | E21: =Scenario_Model!H3 -> 80.179238 | F21: =Scenario_Model!I3 -> 1 | G21: Lead-time shock widens reorder point | H21: Watch supplier timings | I21: Open | J21: Scenario 2
A22: =Scenario_Model!D4 -> Phones | B22: =Scenario_Model!E4 -> 2 | C22: =Scenario_Model!F4 -> 3 | D22: =Scenario_Model!G4 -> 92.833087 | E22: =Scenario_Model!H4 -> 111.21997 | F22: =Scenario_Model!I4 -> 1 | G22: Category remains sensitive | H22: Keep weekly review | I22: Monitor | J22: Scenario 3
A23: =Scenario_Model!D5 -> Accessories | B23: =Scenario_Model!E5 -> 3 | C23: =Scenario_Model!F5 -> 4 | D23: =Scenario_Model!G5 -> 150.62479 | E23: =Scenario_Model!H5 -> 179.96227 | F23: =Scenario_Model!I5 -> 1 | G23: Small items still escalate quickly | H23: Batch purchase candidates | I23: Monitor | J23: Scenario 4
A24: =Scenario_Model!D6 -> Monitors | B24: =Scenario_Model!E6 -> 4 | C24: =Scenario_Model!F6 -> 5 | D24: =Scenario_Model!G6 -> 75.020153 | E24: =Scenario_Model!H6 -> 89.307882 | F24: =Scenario_Model!I6 -> 1 | G24: Reorder lift is visible | H24: Hold safety stock | I24: Open | J24: Scenario 5
A25: =Scenario_Model!D7 -> Printers | B25: =Scenario_Model!E7 -> 1 | C25: =Scenario_Model!F7 -> 2 | D25: =Scenario_Model!G7 -> 57.535532 | E25: =Scenario_Model!H7 -> 68.581942 | F25: =Scenario_Model!I7 -> 1 | G25: Limited change but still material | H25: Low urgency | I25: Watch | J25: Scenario 6

Sheet Control_Panel
A1: Inventory Operations Control Panel
A2: Value at Risk | D2: SKU Count | G2: Urgent Actions
A3: =KPIs!B2 -> 1839629.6 | D3: =KPIs!B3 -> 72 | G3: =KPIs!B5 -> 14
A7: Coverage | D7: Excess | G7: Top Category
A8: =KPIs!B4 -> 6.2650021 | D8: =KPIs!B6 -> 0 | G8: =KPIs!B7 -> 552587.07
A13: Category Exposure | F13: Warehouse Snapshot
A14: Category | B14: Inventory Value | C14: Avg Weeks Cover | F14: Warehouse | G14: Inventory Value | H14: Reorder SKUs
A15: =Analysis!A2 -> Laptops | B15: =Analysis!B2 -> 552587.07 | C15: =Analysis!C2 -> 6.0428459 | F15: =Analysis!F2 -> Birmingham DC | G15: =Analysis!G2 -> 613435.56 | H15: =Analysis!H2 -> 7
A16: =Analysis!A3 -> Tablets | B16: =Analysis!B3 -> 302225.87 | C16: =Analysis!C3 -> 5.6522796 | F16: =Analysis!F3 -> Manchester Hub | G16: =Analysis!G3 -> 622753.39 | H16: =Analysis!H3 -> 2
A17: =Analysis!A4 -> Phones | B17: =Analysis!B4 -> 540486.81 | C17: =Analysis!C4 -> 6.8806213 | F17: =Analysis!F4 -> London Central | G17: =Analysis!G4 -> 603440.62 | H17: =Analysis!H4 -> 5
A18: =Analysis!A5 -> Accessories | B18: =Analysis!B5 -> 81020.52 | C18: =Analysis!C5 -> 5.393638
A19: =Analysis!A6 -> Monitors | B19: =Analysis!B6 -> 167045.87 | C19: =Analysis!C6 -> 6.4654997
A20: =Analysis!A7 -> Printers | B20: =Analysis!B7 -> 196263.43 | C20: =Analysis!C7 -> 7.155128
A22: Model Notes
A23: This front sheet is a cleaner presentation layer built from the original inventory model. Use Action_View for the main SKU decision table, Reorder_Model for full logic, Raw_Inventory_Data for source records, and Stock_Movements for the transaction ledger.

Sheet Action_View
A1: SKU Replenishment Action View
A3: SKU | B3: Category | C3: Warehouse | D3: Current Stock | E3: Weekly Demand | F3: Weeks Cover | G3: Reorder Point | H3: Action
A4: =Reorder_Model!A2 -> LAP-BIR-100 | B4: =Reorder_Model!B2 -> Laptops | C4: =Reorder_Model!D2 -> Birmingham DC | D4: =Reorder_Model!F2 -> 62 | E4: =Reorder_Model!G2 -> 19.4 | F4: =Reorder_Model!M2 -> 3.1958763 | G4: =Reorder_Model!O2 -> 89.705501 | H4: =Reorder_Model!Q2 -> Reorder
A5: =Reorder_Model!A3 -> LAP-BIR-101 | B5: =Reorder_Model!B3 -> Laptops | C5: =Reorder_Model!D3 -> Birmingham DC | D5: =Reorder_Model!F3 -> 95 | E5: =Reorder_Model!G3 -> 23.6 | F5: =Reorder_Model!M3 -> 5.720339 | G5: =Reorder_Model!O3 -> 148.68 | H5: =Reorder_Model!Q3 -> Reorder
A6: =Reorder_Model!A4 -> LAP-BIR-102 | B6: =Reorder_Model!B4 -> Laptops | C6: =Reorder_Model!D4 -> Birmingham DC | D6: =Reorder_Model!F4 -> 164 | E6: =Reorder_Model!G4 -> 25.3 | F6: =Reorder_Model!M4 -> 7.2727273 | G6: =Reorder_Model!O4 -> 54.395 | H6: =Reorder_Model!Q4 -> Monitor
A7: =Reorder_Model!A5 -> LAP-BIR-103 | B7: =Reorder_Model!B5 -> Laptops | C7: =Reorder_Model!D5 -> Birmingham DC | D7: =Reorder_Model!F5 -> 133 | E7: =Reorder_Model!G5 -> 21.3 | F7: =Reorder_Model!M5 -> 7.1830986 | G7: =Reorder_Model!O5 -> 111.12263 | H7: =Reorder_Model!Q5 -> Monitor
A8: =Reorder_Model!A6 -> LAP-MAN-104 | B8: =Reorder_Model!B6 -> Laptops | C8: =Reorder_Model!D6 -> Manchester Hub | D8: =Reorder_Model!F6 -> 66 | E8: =Reorder_Model!G6 -> 21 | F8: =Reorder_Model!M6 -> 5.047619 | G8: =Reorder_Model!O6 -> 62.127745 | H8: =Reorder_Model!Q6 -> Monitor
A9: =Reorder_Model!A7 -> LAP-MAN-105 | B9: =Reorder_Model!B7 -> Laptops | C9: =Reorder_Model!D7 -> Manchester Hub | D9: =Reorder_Model!F7 -> 127 | E9: =Reorder_Model!G7 -> 21.6 | F9: =Reorder_Model!M7 -> 5.8796296 | G9: =Reorder_Model!O7 -> 82.300177 | H9: =Reorder_Model!Q7 -> Monitor
A10: =Reorder_Model!A8 -> LAP-MAN-106 | B10: =Reorder_Model!B8 -> Laptops | C10: =Reorder_Model!D8 -> Manchester Hub | D10: =Reorder_Model!F8 -> 122 | E10: =Reorder_Model!G8 -> 20.6 | F10: =Reorder_Model!M8 -> 6.407767 | G10: =Reorder_Model!O8 -> 117.10438 | H10: =Reorder_Model!Q8 -> Monitor
A11: =Reorder_Model!A9 -> LAP-MAN-107 | B11: =Reorder_Model!B9 -> Laptops | C11: =Reorder_Model!D9 -> Manchester Hub | D11: =Reorder_Model!F9 -> 78 | E11: =Reorder_Model!G9 -> 20.7 | F11: =Reorder_Model!M9 -> 3.7681159 | G11: =Reorder_Model!O9 -> 64.209154 | H11: =Reorder_Model!Q9 -> Monitor
A12: =Reorder_Model!A10 -> LAP-LON-108 | B12: =Reorder_Model!B10 -> Laptops | C12: =Reorder_Model!D10 -> London Central | D12: =Reorder_Model!F10 -> 104 | E12: =Reorder_Model!G10 -> 20.6 | F12: =Reorder_Model!M10 -> 5.5339806 | G12: =Reorder_Model!O10 -> 78.489983 | H12: =Reorder_Model!Q10 -> Monitor
A13: =Reorder_Model!A11 -> LAP-LON-109 | B13: =Reorder_Model!B11 -> Laptops | C13: =Reorder_Model!D11 -> London Central | D13: =Reorder_Model!F11 -> 155 | E13: =Reorder_Model!G11 -> 22.4 | F13: =Reorder_Model!M11 -> 8.7053571 | G13: =Reorder_Model!O11 -> 53.76 | H13: =Reorder_Model!Q11 -> Monitor
A14: =Reorder_Model!A12 -> LAP-LON-110 | B14: =Reorder_Model!B12 -> Laptops | C14: =Reorder_Model!D12 -> London Central | D14: =Reorder_Model!F12 -> 104 | E14: =Reorder_Model!G12 -> 19.8 | F14: =Reorder_Model!M12 -> 6.7676768 | G14: =Reorder_Model!O12 -> 64.96728 | H14: =Reorder_Model!Q12 -> Monitor
A15: =Reorder_Model!A13 -> LAP-LON-111 | B15: =Reorder_Model!B13 -> Laptops | C15: =Reorder_Model!D13 -> London Central | D15: =Reorder_Model!F13 -> 114 | E15: =Reorder_Model!G13 -> 21.9 | F15: =Reorder_Model!M13 -> 7.0319635 | G15: =Reorder_Model!O13 -> 109.3217 | H15: =Reorder_Model!Q13 -> Monitor
... A75: =Reorder_Model!A73 -> PRI-LON-171 | B75: =Reorder_Model!B73 -> Printers | C75: =Reorder_Model!D73 -> London Central | D75: =Reorder_Model!F73 -> 43 | E75: =Reorder_Model!G73 -> 13.1 | F75: =Reorder_Model!M73 -> 6.3358779 | G75: =Reorder_Model!O73 -> 42.983403 | H75: =Reorder_Model!Q73 -> Monitor
